Version;Time (ms);Hash rate (B/s);Hash rate (b/s);Hash rate (KiB/s);Hash rate (Kib/s);Hash rate (MiB/s);Hash rate (Mib/s)
0;5838;91961444.330250;735691554.642001;89806.097979;718448.783830;87.701268;701.610140
1;3428;156613451.575263;1252907612.602100;152942.823804;1223542.590432;149.358226;1194.865811
2;5902;90964234.496781;727713875.974246;88832.260251;710658.082006;86.750254;694.002033
3;1079;497563403.151066;3980507225.208527;485901.760890;3887214.087118;474.513438;3796.107507
